{"filters":[{"continentSettings":{"elevation":2.799999952316284,"frequency":0.75,"lacunarity":2.049999952316284,"octaves":8,"offsetX":1.027999997138977,"offsetY":-0.057999998331069946,"persistence":0.3409999907016754,"verticalShift":1.440000057220459},"mountainBlend":0.10999999940395355,"mountainSettings":{"elevation":5.0,"frequency":0.6100000143051147,"gain":5.019999980926514,"lacunarity":2.319999933242798,"octaves":6,"offsetX":4.841000080108643,"offsetY":1.8960000276565552,"peakSmoothing":0.1599999964237213,"persistence":0.4099999964237213,"power":5.909999847412109,"verticalShift":-1.0199999809265137},"name":"Terrain Noise","oceanDepthMultiplier":3.6700000762939453,"oceanFloorDepth":1.5299999713897705,"oceanFloorSmoothing":1.2419999837875366,"warpSettings":{"elevation":0.0,"frequency":1.0,"lacunarity":2.0,"octaves":4,"offsetX":0.0,"offsetY":0.0,"persistence":0.5,"verticalShift":0.0}}],"terrainSettings":{"cliffThreshold":0.6740000247955322,"flatThreshold":0.4059999883174896,"steepnessSmoothing":0.1080000028014183},"waterSettings":{"alphaMultiplier":0.3190000057220459,"deepColour":{"w":1.0,"x":0.10000000149011612,"y":0.2199999988079071,"z":0.6000000238418579},"depthMultiplier":0.40700000524520874,"normalMapScale":20.0,"normalMapStrength":1.0,"oceanBoundsMax":{"x":25.0,"y":0.0,"z":25.0},"oceanBoundsMin":{"x":-25.0,"y":-10.0,"z":-25.0},"shallowColour":{"w":1.0,"x":0.3799999952316284,"y":1.0,"z":0.8700000047683716},"smoothness":0.9559999704360962}}
